,yummy,convenient,spicy,fattening,greasy,fast,cheap,tasty,expensive,healthy,disgusting
0,0,1,0,1,0,1,1,0,1,0,0
1,1,1,0,1,1,1,1,1,1,0,0
2,0,1,1,1,1,1,0,1,1,1,0
3,1,1,0,1,1,1,1,1,0,0,1
4,0,1,0,1,1,1,1,0,0,1,0
5,1,1,0,1,0,1,1,1,0,0,0
6,1,1,1,1,0,1,0,1,1,1,0
7,1,1,0,1,1,1,1,1,0,0,0
8,0,0,0,1,1,0,0,0,1,0,1
9,1,1,0,1,1,1,0,1,1,0,0
10,0,1,0,1,0,1,1,0,0,0,1
11,1,1,0,1,1,1,0,1,1,0,1
12,0,1,0,1,0,1,1,0,0,0,0
13,1,1,0,1,0,1,0,1,1,1,0
14,0,1,0,1,0,1,0,0,1,0,0
15,1,1,0,1,0,1,1,1,0,0,0
16,1,1,0,1,1,1,1,1,0,0,0
17,1,1,0,0,1,1,0,1,0,0,0
18,0,0,0,1,1,1,1,0,1,0,1
19,1,1,0,1,1,1,0,1,1,0,1
20,1,1,0,1,1,1,0,1,1,0,1
21,1,1,0,1,0,1,1,1,1,0,0
22,1,1,1,1,1,1,1,1,1,0,1
23,1,1,1,1,0,1,0,1,1,0,0
24,1,1,0,1,0,1,1,1,0,1,0
25,1,1,0,1,1,1,1,0,1,0,0
26,1,1,0,1,1,1,1,1,0,0,1
27,0,1,0,1,1,1,0,1,0,1,0
28,0,1,0,0,0,1,0,0,0,0,0
29,1,1,0,1,0,1,1,1,0,1,0
30,1,1,0,1,1,1,1,1,0,0,0
31,0,1,0,0,0,1,1,1,0,1,0
32,1,1,0,1,1,1,1,1,0,0,0
33,0,1,0,1,1,1,1,0,0,0,1
34,1,1,0,1,0,1,1,1,0,1,0
35,0,1,0,1,1,1,1,0,0,0,1
36,1,1,0,1,0,1,1,1,0,1,0
37,0,1,0,1,1,1,1,0,0,0,1
38,0,0,0,1,1,1,1,0,0,0,1
39,0,0,0,1,1,1,0,0,1,0,1
40,1,0,0,1,0,0,0,1,1,0,0
41,1,1,0,1,0,1,1,1,0,1,0
42,1,1,1,1,0,1,1,1,0,1,0
43,1,1,0,1,0,1,0,1,0,0,0
44,0,1,0,1,1,1,1,0,0,0,1
45,1,1,1,1,1,1,1,1,1,1,1
46,0,1,0,0,0,1,0,1,0,1,0
47,1,1,0,1,0,1,0,1,1,0,0
48,1,1,0,1,0,1,1,1,0,0,0
49,1,1,0,1,1,1,1,1,0,0,0
50,0,1,1,1,1,1,0,0,1,0,1
51,1,1,0,1,1,1,1,0,0,0,0
52,1,1,0,1,1,1,0,1,1,0,0
53,0,1,0,1,0,1,0,0,1,0,1
54,1,1,0,0,0,1,1,1,0,1,0
55,0,1,0,1,0,1,1,1,0,0,0
56,0,1,0,1,1,1,1,0,0,0,1
57,0,1,0,1,1,1,1,0,0,0,0
58,1,1,0,1,0,1,1,1,0,0,0
59,1,1,0,1,1,1,1,1,0,0,0
60,1,1,0,1,1,1,0,1,0,0,0
61,1,1,0,1,1,1,1,1,0,1,0
62,1,1,0,1,0,1,1,1,0,1,0
63,0,1,0,1,1,1,0,0,1,0,0
64,1,1,0,1,1,1,1,1,0,0,0
65,0,0,0,1,0,1,0,0,1,0,1
66,0,1,0,0,0,0,0,0,1,0,0
67,1,1,1,1,1,1,1,1,1,1,1
68,0,1,0,1,0,1,1,1,0,1,0
69,1,1,0,1,0,1,1,1,0,0,0
70,0,1,0,1,0,1,1,0,0,1,0
71,1,1,0,0,0,1,1,1,0,1,0
72,0,1,0,1,0,0,0,1,1,0,0
73,0,1,0,1,1,1,1,1,0,0,0
74,1,1,0,0,0,1,1,1,0,1,0
75,0,1,0,1,1,0,0,0,1,0,1
76,1,1,0,1,0,1,1,1,0,0,0
77,0,1,0,1,0,1,0,0,1,0,0
78,1,1,1,1,1,1,0,1,1,0,0
79,1,1,0,0,0,1,1,1,0,1,0
80,0,1,0,1,1,1,0,0,0,0,1
81,0,1,0,1,0,1,1,1,0,0,0
82,0,1,0,1,0,1,1,1,0,0,0
83,1,1,0,0,0,1,1,1,0,1,0
84,0,0,0,1,1,1,0,1,1,0,0
85,1,1,0,0,0,1,1,1,0,0,0
86,1,1,0,1,1,1,1,1,1,0,1
87,0,1,0,1,1,0,0,1,1,0,0
88,1,1,0,1,0,1,0,1,1,0,0
89,1,1,1,1,0,1,1,1,1,0,0
90,1,1,0,1,0,1,1,1,0,0,0
91,1,1,0,1,1,1,1,1,0,0,1
92,0,0,0,1,1,0,0,0,1,0,1
93,0,1,0,1,0,1,1,1,0,0,0
94,1,1,0,1,1,1,1,1,0,1,0
95,1,1,0,1,1,1,0,1,0,0,0
96,0,1,0,1,1,1,1,1,0,0,0
97,0,1,0,1,1,1,0,0,0,0,0
98,0,1,0,1,1,1,0,0,1,0,0
99,1,1,0,1,0,1,1,1,0,0,0
100,0,1,0,1,1,1,1,0,0,0,0
101,1,1,0,1,1,1,0,1,1,0,0
102,1,1,1,1,1,1,1,1,1,1,1
103,1,1,1,1,0,1,1,1,0,0,0
104,1,1,0,1,0,1,0,1,0,0,0
105,0,1,0,1,0,1,0,0,1,0,0
106,1,1,0,1,1,0,0,1,1,0,1
107,0,1,0,1,0,0,0,0,0,0,0
108,1,1,0,1,0,1,1,1,0,0,0
109,0,1,0,1,1,1,1,0,0,0,0
110,0,1,1,1,0,0,0,0,0,0,0
111,1,1,0,0,0,1,0,1,1,1,0
112,0,0,0,1,1,0,0,0,1,0,1
113,1,1,0,1,0,1,0,1,1,0,0
114,0,1,0,1,1,0,0,0,1,0,0
115,0,1,0,1,0,1,1,0,0,0,0
116,1,1,1,1,1,1,1,1,0,1,0
117,1,1,0,1,0,1,1,1,0,1,0
118,0,1,0,1,1,1,1,0,0,0,1
119,0,1,0,1,1,1,1,0,0,0,0
120,1,1,0,0,0,1,1,1,0,1,0
121,1,1,1,1,1,1,1,1,1,0,0
122,1,1,0,1,0,1,0,1,1,1,0
123,0,1,0,1,0,1,1,0,0,0,1
124,1,1,0,1,1,1,1,1,0,0,0
125,0,1,0,1,0,1,0,1,1,0,0
126,0,1,0,1,0,1,1,0,0,0,1
127,1,1,0,1,0,1,1,1,0,0,0
128,0,1,0,1,1,1,1,0,0,1,0
129,1,1,0,1,1,1,1,1,0,0,1
130,0,1,0,0,0,1,1,0,0,0,0
131,0,1,0,1,0,1,0,0,1,0,0
132,1,1,0,1,0,1,1,1,0,0,0
133,1,1,0,1,1,1,1,1,0,0,0
134,0,1,0,1,1,1,1,1,0,0,0
135,0,1,1,1,1,1,0,0,1,1,0
136,1,1,0,1,0,1,1,1,0,0,0
137,1,1,0,1,0,1,1,1,0,0,0
138,1,1,0,1,1,0,1,1,0,0,0
139,1,1,0,1,1,1,1,1,0,0,0
140,0,1,0,1,0,1,1,1,0,0,0
141,0,1,0,1,1,1,1,0,0,0,1
142,0,1,0,1,0,1,0,0,1,0,0
143,0,1,0,1,1,1,1,1,0,0,1
144,1,0,0,1,1,1,1,1,0,0,0
145,1,1,0,1,0,1,1,1,0,0,0
146,1,1,0,1,1,1,0,1,1,0,0
147,1,1,0,1,0,1,0,1,1,1,0
148,0,1,0,1,1,1,0,0,1,0,1
149,1,1,0,1,1,1,0,1,1,0,0
150,0,0,0,1,1,0,0,0,1,0,1
151,1,1,0,0,0,1,1,1,0,1,0
152,1,1,0,1,1,1,0,1,1,0,0
153,1,1,0,1,0,1,1,1,0,0,0
154,1,1,1,1,1,1,1,1,0,0,0
155,1,1,0,1,1,1,1,1,0,0,0
156,0,1,0,0,0,1,1,1,0,0,0
157,1,1,0,1,1,1,0,1,1,0,0
158,1,1,0,1,1,1,0,1,1,0,0
159,0,1,0,1,1,0,1,0,0,0,0
160,0,1,0,1,1,1,1,1,0,0,0
161,0,0,0,1,1,1,0,0,1,0,1
162,1,1,0,0,0,1,1,1,0,1,0
163,0,0,0,1,1,1,0,0,1,0,1
164,1,1,0,0,0,1,1,1,0,1,0
165,1,1,0,0,0,1,1,1,0,1,0
166,0,1,1,0,1,1,0,0,1,0,0
167,1,1,0,1,0,1,0,1,1,0,0
168,1,1,0,1,0,1,1,1,0,0,0
169,1,1,0,1,1,1,0,1,1,1,0
170,1,1,0,1,1,1,0,1,1,1,0
171,1,1,0,1,0,1,0,1,0,0,0
172,1,1,0,1,1,1,1,1,0,0,1
173,1,0,1,1,1,1,1,0,0,0,1
174,0,1,0,1,1,1,0,0,1,0,1
175,0,1,0,1,1,1,0,0,1,0,1
176,0,1,0,1,1,1,1,0,0,0,1
177,0,0,0,1,0,1,0,0,1,0,1
178,1,1,0,1,1,1,0,1,0,1,0
179,0,1,0,0,0,1,0,0,0,0,0
180,0,1,0,1,1,1,0,1,1,0,1
181,0,1,0,0,0,1,1,0,0,1,1
182,0,0,1,1,1,1,1,0,0,0,1
183,0,1,0,1,1,1,1,0,0,0,1
184,1,1,0,1,1,1,1,1,1,0,1
185,0,1,0,1,0,1,0,0,1,0,0
186,0,1,0,1,0,1,1,1,0,0,0
187,0,1,0,1,0,1,1,0,0,0,0
188,0,1,0,1,1,1,1,0,0,0,1
189,1,1,0,1,0,1,1,0,0,0,0
190,1,1,0,1,0,1,0,1,1,0,0
191,1,1,0,1,1,1,1,1,0,0,0
192,1,1,0,1,1,1,1,1,0,0,0
193,1,1,0,1,1,1,1,1,0,0,0
194,1,1,0,1,1,1,1,1,0,1,0
195,0,1,0,1,1,1,0,0,0,0,0
196,0,1,0,1,1,1,1,0,0,0,0
197,0,0,0,1,1,0,0,0,1,0,1
198,0,1,0,1,0,1,1,1,0,0,0
199,1,1,0,1,1,1,1,1,0,0,0
200,1,1,0,0,0,1,1,1,0,1,0
201,1,1,1,1,0,1,1,1,0,1,0
202,0,1,0,1,1,1,0,1,1,0,0
203,0,1,0,1,1,1,1,0,0,0,1
204,0,1,1,1,0,1,1,0,0,0,0
205,0,0,0,1,1,0,0,0,1,0,1
206,0,1,0,1,0,1,1,1,0,0,0
207,0,0,1,1,1,1,0,0,1,0,1
208,0,1,1,1,1,0,0,0,1,0,1
209,0,1,0,1,0,1,0,0,1,0,1
210,0,1,0,1,0,1,1,1,0,0,0
211,0,1,0,1,1,1,0,0,1,0,1
212,1,1,1,1,1,1,1,1,0,0,0
213,1,1,0,1,1,1,1,1,0,0,0
214,1,1,0,0,0,1,0,1,0,0,0
215,1,1,1,1,1,1,0,1,1,1,1
216,0,0,0,1,1,0,1,0,0,0,1
217,1,1,0,1,0,1,1,1,0,1,0
218,1,0,0,1,1,1,0,1,1,0,0
219,0,1,0,1,0,1,1,0,0,0,0
220,0,1,0,0,0,1,1,1,0,0,0
221,1,1,0,1,1,0,0,1,0,0,0
222,1,1,0,1,0,1,1,1,0,0,0
223,0,1,0,1,0,1,0,0,1,0,1
224,1,1,1,1,0,1,1,1,0,1,1
225,0,1,0,1,1,1,1,1,0,0,0
226,0,1,1,1,1,1,0,1,1,0,0
227,1,1,0,1,0,1,1,1,0,0,0
228,0,1,0,1,1,1,0,0,1,0,0
229,1,1,0,1,1,1,1,1,0,0,0
230,1,1,0,1,0,1,1,1,0,0,0
231,1,1,0,1,1,1,1,1,0,0,0
232,1,1,0,0,1,1,1,1,0,1,0
233,0,1,0,1,1,1,1,0,0,0,1
234,1,1,0,0,0,1,1,1,0,1,0
235,0,1,0,1,0,1,1,0,0,0,0
236,1,1,1,0,0,1,1,1,0,1,0
237,0,0,0,1,0,1,0,0,1,0,1
238,0,1,0,1,1,0,1,1,1,0,0
239,1,1,0,1,0,1,1,1,0,0,0
240,0,0,0,1,0,1,0,0,1,0,1
241,0,1,0,1,1,1,1,0,0,0,1
242,0,0,0,1,1,1,0,0,1,0,1
243,0,0,0,0,0,1,1,0,0,0,0
244,1,1,0,0,0,1,0,1,1,0,0
245,0,1,0,1,0,1,1,0,0,1,0
246,0,1,1,0,1,1,0,0,1,0,0
247,1,1,0,1,1,1,1,1,0,1,0
248,1,1,0,1,1,1,0,1,1,0,0
249,1,1,0,0,0,1,1,1,0,1,0
250,0,1,1,1,1,1,0,0,1,0,1
251,1,1,1,1,0,1,1,0,0,0,0
252,1,1,0,1,0,1,1,1,0,0,0
253,1,1,0,1,1,1,0,1,1,0,0
254,1,1,0,1,0,1,1,1,0,1,0
255,1,1,1,1,0,1,1,1,0,0,0
256,0,1,0,1,1,1,1,1,0,0,0
257,0,1,0,1,0,1,1,0,0,0,0
258,1,1,0,0,0,1,1,1,0,1,0
259,1,1,0,1,0,1,1,1,0,0,0
260,1,1,0,1,0,1,0,1,0,0,0
261,0,1,0,1,1,1,1,1,0,1,0
262,1,1,0,1,0,1,0,1,1,0,0
263,0,0,0,1,1,1,1,0,0,0,0
264,0,1,0,1,1,1,1,1,0,0,1
265,0,0,0,1,1,1,0,1,1,1,1
266,0,1,1,1,1,1,1,0,0,0,0
267,1,0,1,1,0,1,1,1,0,0,0
268,1,1,0,1,0,1,1,1,0,1,0
269,1,1,0,1,1,1,1,1,0,0,1
270,0,1,0,1,1,1,1,1,0,0,1
271,1,1,0,1,1,1,0,1,1,0,0
272,1,1,0,1,0,1,1,1,0,0,0
273,1,1,0,1,1,1,1,1,0,0,0
274,0,1,0,1,1,1,1,0,0,0,0
275,0,1,0,1,1,1,0,0,1,0,0
276,0,1,0,1,0,1,1,0,0,0,0
277,1,1,0,1,1,1,1,1,0,0,0
278,1,1,0,1,1,1,1,1,0,0,0
279,0,1,0,1,0,1,1,0,0,0,0
280,0,0,1,1,1,0,0,0,1,0,1
281,1,1,0,1,1,1,1,1,0,1,0
282,1,1,0,1,1,0,0,1,1,0,0
283,1,1,1,1,1,1,0,1,1,0,0
284,1,0,0,1,0,1,1,1,0,0,0
285,1,1,0,1,1,1,1,1,0,0,0
286,0,0,0,1,0,1,0,0,1,0,0
287,0,0,0,1,1,1,0,0,1,0,1
288,0,1,0,1,1,1,1,0,0,0,1
289,0,1,0,0,0,1,0,0,0,0,0
290,0,0,0,1,0,1,1,0,0,0,0
291,1,1,0,1,1,1,0,1,0,0,0
292,0,1,0,1,0,1,0,0,1,0,0
293,0,1,1,1,1,1,0,1,1,0,0
294,0,1,0,1,0,1,1,0,0,0,0
295,0,1,0,1,0,1,1,1,0,0,0
296,0,1,0,1,1,1,1,1,0,1,0
297,1,1,0,1,1,1,1,0,0,0,0
298,1,1,0,1,0,1,0,1,1,0,0
299,1,1,0,0,0,1,0,1,1,1,0
300,1,1,0,1,0,0,1,1,0,1,0
301,1,1,0,1,1,1,0,1,1,0,0
302,1,1,0,1,1,1,0,1,1,0,0
303,1,1,0,1,1,0,0,1,1,0,0
304,0,1,0,1,0,1,0,1,1,0,0
305,1,1,0,1,0,1,0,1,1,1,0
306,1,1,0,1,0,1,0,0,1,0,0
307,1,1,0,1,0,1,1,1,0,0,0
308,1,0,0,0,1,0,0,1,1,0,1
309,1,1,0,1,0,1,1,1,0,1,0
310,0,0,0,1,1,0,0,0,1,0,1
311,0,1,0,1,1,1,1,0,0,0,0
312,1,1,0,1,0,1,1,1,0,0,0
313,1,1,0,1,1,1,1,1,0,0,0
314,0,1,0,1,1,1,1,1,0,0,0
315,1,1,0,1,0,1,0,1,1,0,0
316,1,1,0,1,0,1,1,1,0,1,0
317,0,1,0,1,1,1,1,1,0,1,0
318,1,1,0,1,1,1,1,1,0,0,0
319,0,1,0,1,0,1,1,0,0,0,0
320,0,0,0,1,1,1,0,0,1,0,1
321,1,1,0,0,0,1,1,1,1,1,0
322,1,1,0,1,0,1,0,1,0,0,0
323,1,1,0,1,0,1,0,1,1,0,0
324,0,1,0,0,0,1,1,0,0,1,0
325,1,1,0,1,0,1,1,1,0,1,0
326,0,1,0,1,0,1,1,1,0,0,0
327,1,1,0,1,1,1,0,0,0,0,0
328,1,1,0,1,0,0,0,1,1,1,0
329,1,1,1,0,1,0,0,1,1,0,0
330,1,0,0,1,1,1,1,1,0,0,0
331,0,1,0,1,1,1,1,0,0,0,1
332,1,1,0,0,0,1,1,1,0,1,0
333,1,1,0,1,1,1,1,1,0,0,0
334,0,1,0,1,0,1,1,1,0,0,0
335,0,1,0,1,1,1,1,0,0,0,0
336,1,1,0,1,0,1,1,1,0,0,0
337,0,1,0,1,1,0,0,0,0,0,1
338,0,1,0,1,0,1,1,0,0,0,1
339,0,1,0,1,1,0,0,1,0,0,0
340,1,0,0,1,0,1,1,1,0,1,0
341,1,1,0,0,0,1,1,1,0,1,0
342,1,1,0,0,0,1,0,1,1,0,0
343,0,1,0,1,1,1,0,0,0,0,1
344,1,1,0,1,0,1,1,1,0,0,0
345,1,1,0,1,1,1,1,1,0,0,1
346,1,1,0,1,0,1,1,1,0,0,0
347,1,1,0,1,0,1,0,1,1,1,0
348,1,1,0,1,0,0,0,1,1,0,0
349,1,1,0,1,1,1,1,1,0,0,0
350,1,1,0,1,0,1,0,1,1,0,0
351,1,1,0,1,1,1,1,1,1,0,0
352,0,1,0,1,0,1,0,1,0,0,0
353,1,1,1,0,0,1,1,1,0,1,0
354,0,1,0,1,1,1,1,1,0,0,1
355,1,1,0,1,1,0,0,1,1,0,0
356,1,1,0,1,0,1,1,1,0,0,0
357,1,1,0,1,1,1,0,1,1,0,1
358,1,1,0,1,1,1,1,1,1,0,0
359,0,1,0,1,1,0,0,0,1,0,1
360,0,1,0,1,1,1,1,0,0,0,0
361,1,1,0,0,1,1,0,1,1,0,1
362,0,1,0,0,0,1,1,1,0,1,0
363,1,1,0,1,0,1,1,1,0,0,0
364,1,1,0,1,0,0,0,1,1,0,0
365,0,1,0,0,0,1,0,1,1,1,1
366,1,1,0,1,0,1,0,1,1,0,0
367,1,1,1,1,1,1,0,1,0,0,0
368,0,1,0,1,1,1,1,1,0,0,0
369,1,1,0,1,0,1,1,1,0,1,0
370,0,1,0,0,0,1,1,1,0,0,0
371,1,1,1,1,1,0,0,1,1,0,0
372,1,1,0,1,1,1,0,1,1,0,0
373,1,1,0,0,0,1,1,1,0,0,0
374,1,1,0,1,1,1,0,1,1,0,0
375,0,1,0,0,0,1,0,1,0,0,0
376,1,1,0,0,0,0,1,1,0,1,0
377,1,1,0,1,0,1,1,0,0,0,0
378,1,1,1,1,1,1,0,1,1,0,0
379,0,1,0,1,0,1,0,0,0,0,1
380,1,1,0,1,0,0,0,0,1,0,0
381,0,1,0,1,1,1,0,0,1,0,1
382,1,1,0,1,1,1,1,1,0,0,0
383,1,1,0,1,1,1,1,1,0,0,0
384,0,1,0,1,1,1,1,0,0,0,1
385,1,1,0,1,1,1,0,1,1,0,0
386,1,1,0,0,0,1,0,1,0,0,0
387,1,1,0,1,1,1,1,1,0,0,0
388,0,1,0,1,0,1,0,0,1,0,0
389,1,1,0,1,0,1,0,0,0,0,0
390,1,1,0,1,1,1,1,1,0,0,0
391,1,1,0,1,1,0,0,1,1,0,1
392,0,1,0,1,0,1,0,0,1,0,1
393,0,0,0,1,0,1,1,0,0,0,1
394,0,0,0,1,1,1,1,1,0,0,0
395,0,1,0,1,1,1,1,0,0,0,1
396,0,1,0,1,0,1,1,0,0,0,0
397,1,1,0,1,0,1,1,1,0,0,0
398,1,1,0,1,1,1,1,1,0,0,0
399,0,1,0,1,0,1,1,0,0,0,0
400,1,1,0,1,0,1,0,1,0,0,0
401,0,1,0,0,0,1,1,1,0,1,0
402,1,1,0,1,0,1,0,1,1,0,0
403,0,1,0,1,1,1,1,0,0,0,0
404,1,1,0,0,0,1,1,1,0,1,0
405,0,1,0,1,1,1,1,0,0,0,1
406,0,0,0,1,0,1,0,0,1,0,1
407,1,1,1,1,1,1,0,1,1,0,0
408,1,1,0,1,1,1,1,1,0,0,0
409,1,1,0,1,0,1,0,1,1,0,0
410,1,1,0,1,0,1,1,0,0,0,0
411,1,1,0,1,1,1,1,1,0,0,0
412,1,1,0,1,0,1,1,1,0,0,0
413,1,1,0,1,1,1,0,1,1,0,0
414,1,1,1,0,0,1,1,1,0,1,0
415,0,0,0,1,1,1,1,0,1,0,1
416,1,1,0,1,1,1,0,1,1,0,0
417,0,1,1,1,0,1,0,0,0,0,0
418,0,1,1,1,0,1,1,1,0,0,0
419,1,1,0,0,0,1,1,1,0,1,0
420,0,1,0,1,0,1,0,0,1,1,0
421,1,1,0,1,1,1,0,1,1,0,0
422,1,1,0,1,0,0,0,1,1,1,0
423,1,1,0,0,0,1,1,1,0,0,0
424,1,1,0,0,0,1,1,1,0,1,0
425,0,1,0,1,1,1,0,0,1,0,1
426,1,1,0,1,0,1,1,1,0,1,0
427,0,0,0,1,1,1,0,0,1,0,1
428,0,1,0,1,0,1,1,0,0,0,0
429,1,1,1,1,1,1,1,1,1,1,1
430,0,1,0,1,1,1,0,1,1,0,1
431,0,0,0,1,1,1,1,0,1,0,1
432,1,1,0,1,1,1,1,1,0,1,1
433,1,1,0,1,1,1,0,1,1,0,1
434,0,1,0,1,0,0,0,0,1,0,0
435,1,1,0,1,1,0,0,0,1,0,0
436,1,1,0,1,1,1,0,1,0,0,1
437,0,1,0,1,0,1,0,1,1,0,0
438,0,1,0,0,0,1,0,0,1,1,0
439,1,1,0,1,1,1,0,1,0,0,0
440,0,1,0,1,0,1,1,1,0,0,0
441,0,1,0,1,0,1,1,0,0,0,0
442,1,1,1,0,1,1,1,1,0,0,0
443,1,1,0,0,0,0,1,1,0,1,0
444,1,1,0,0,0,1,1,1,0,1,0
445,1,1,1,1,1,1,1,1,1,0,1
446,1,1,0,1,1,1,1,1,0,0,0
447,1,1,0,0,0,1,1,1,0,1,0
448,1,1,0,0,0,1,1,1,0,1,0
449,1,1,1,1,1,1,1,1,1,1,0
450,1,1,0,1,0,1,0,1,1,0,0
451,0,1,0,1,0,1,0,0,1,0,0
452,0,1,0,0,0,1,0,1,1,0,0
453,1,1,0,1,0,1,0,1,1,0,0
454,0,1,0,1,1,1,1,0,0,0,0
455,0,1,0,1,0,1,0,1,0,0,0
456,0,1,0,1,1,1,0,0,0,0,0
457,0,1,0,1,1,1,0,0,1,0,1
458,1,1,0,1,0,1,0,1,1,0,0
459,0,1,0,1,0,1,1,0,0,1,0
460,1,1,0,1,1,1,1,0,1,0,0
461,0,1,0,1,1,1,0,0,1,0,0
462,1,1,0,1,1,1,1,1,0,0,0
463,1,1,0,1,0,1,1,1,0,0,0
464,1,1,0,1,0,1,1,1,0,0,0
465,1,1,0,1,0,1,1,1,0,0,0
466,0,1,0,1,0,1,1,0,0,0,0
467,1,1,0,1,1,1,1,1,0,0,0
468,1,1,0,1,0,1,1,1,0,0,0
469,0,1,0,1,1,1,1,0,0,0,1
470,1,1,0,0,0,1,1,1,0,0,0
471,1,1,0,1,1,1,1,1,0,0,0
472,1,1,0,1,1,1,1,1,0,0,0
473,1,1,1,1,1,1,1,1,1,1,1
474,0,0,0,1,1,1,1,0,0,0,1
475,1,1,0,1,1,1,1,1,0,1,0
476,0,0,0,1,1,1,1,0,0,0,1
477,0,1,1,1,1,0,0,0,1,0,1
478,1,1,0,1,1,1,1,1,0,0,0
479,1,1,1,0,0,0,0,1,1,1,0
480,0,1,1,0,0,1,0,1,1,0,0
481,1,1,0,1,1,1,1,1,0,1,0
482,1,1,0,1,1,1,0,1,1,1,0
483,1,1,0,0,0,1,1,1,0,1,0
484,0,1,0,1,0,1,0,1,1,0,0
485,1,1,0,1,0,1,1,1,0,1,0
486,0,1,1,1,0,1,1,0,0,0,1
487,1,1,0,1,1,1,0,1,1,0,0
488,1,1,1,1,1,1,1,1,1,1,1
489,0,1,0,0,1,1,0,0,1,1,0
490,1,1,0,1,1,1,1,1,0,0,0
491,1,1,0,1,0,1,1,1,0,0,0
492,1,1,0,1,1,1,0,1,1,0,0
493,0,0,0,1,1,1,0,0,1,0,0
494,0,1,0,1,1,1,1,0,0,0,0
495,0,1,0,1,1,1,0,0,0,0,1
496,1,1,0,1,1,1,0,1,1,0,0
497,1,1,0,1,0,1,1,1,0,0,0
498,1,1,0,1,1,1,0,1,1,1,0
499,1,1,0,1,1,1,1,1,0,0,0
500,1,1,0,1,1,1,0,1,1,0,0
501,1,1,0,1,0,1,1,1,0,1,0
502,1,1,1,1,1,1,0,1,1,0,0
503,1,1,0,0,0,1,1,1,0,1,0
504,0,1,0,1,1,1,1,0,1,0,1
505,0,1,0,1,0,1,0,1,1,0,1
506,1,1,0,1,1,1,1,1,0,0,0
507,1,1,0,0,0,1,1,1,0,1,0
508,1,1,0,1,0,1,0,1,1,1,0
509,1,1,1,1,0,1,1,1,0,0,0
510,1,1,0,1,1,1,1,1,0,0,0
511,1,1,0,1,0,1,1,1,0,1,0
512,1,1,0,1,0,1,1,1,0,1,0
513,1,1,0,1,0,1,0,1,1,0,0
514,1,1,0,1,1,1,0,1,1,0,0
515,1,1,0,1,1,1,0,1,0,0,0
516,1,1,0,1,1,1,1,1,0,0,0
517,0,1,0,1,0,1,0,1,1,0,0
518,1,1,0,0,0,1,1,1,0,1,0
519,0,1,0,1,1,1,0,1,1,1,1
520,0,1,0,1,1,1,0,0,1,0,0
521,0,0,0,0,1,0,0,0,0,0,1
522,1,1,0,0,0,1,1,1,0,1,0
523,1,1,0,1,0,1,1,1,0,0,0
524,1,1,0,1,1,1,1,1,0,0,0
525,0,1,0,1,0,1,1,0,0,1,0
526,0,0,0,1,1,1,1,0,1,0,1
527,1,1,1,1,0,1,1,1,0,0,0
528,1,1,0,1,1,1,1,1,0,1,0
529,1,1,0,0,0,1,0,1,1,1,0
530,1,1,0,1,0,1,1,1,0,1,0
531,0,1,0,1,0,1,0,1,1,0,0
532,0,1,0,1,1,1,1,0,0,0,0
533,1,1,0,1,0,1,0,1,1,0,0
534,0,1,0,1,1,0,0,0,0,0,0
535,1,1,0,1,0,1,0,1,0,1,0
536,0,1,0,1,0,1,1,1,0,0,0
537,1,1,0,1,1,1,1,1,0,0,0
538,1,1,0,1,1,1,0,1,0,0,0
539,0,1,0,0,1,1,1,0,0,0,0
540,0,1,0,1,1,1,0,0,1,0,1
541,1,1,0,1,1,1,0,1,1,0,1
542,0,1,0,1,0,1,0,1,1,1,1
543,0,1,0,1,1,1,1,0,0,0,0
544,1,0,0,0,0,1,0,1,1,1,0
545,0,1,0,1,0,1,1,1,0,0,0
546,1,1,0,1,0,1,1,1,0,0,0
547,1,1,0,1,0,1,0,1,1,0,0
548,1,1,0,1,1,1,1,1,1,0,0
549,0,1,0,1,1,1,0,0,1,0,1
550,0,1,0,1,0,1,1,0,0,0,0
551,1,1,0,1,0,1,1,0,0,0,0
552,1,1,0,1,0,1,1,1,0,0,0
553,1,1,0,0,0,1,1,1,0,0,0
554,0,0,0,1,1,1,0,0,1,0,1
555,1,1,0,1,0,1,1,1,0,0,0
556,1,1,0,1,1,1,1,1,0,0,0
557,0,1,0,1,1,1,1,1,0,0,1
558,0,1,0,1,1,1,1,0,0,0,1
559,0,1,0,1,0,1,1,1,0,0,0
560,1,1,1,0,0,1,0,1,1,1,0
561,1,1,0,1,0,1,1,1,0,0,0
562,0,1,0,1,1,0,0,1,0,1,0
563,1,1,0,0,0,0,1,1,0,0,0
564,0,1,0,1,1,0,0,0,1,0,1
565,1,1,0,1,0,1,1,1,0,0,0
566,0,1,0,1,1,1,1,0,0,0,1
567,1,1,1,1,0,1,1,1,0,1,0
568,0,1,0,0,0,1,1,0,0,1,1
569,1,1,0,1,1,1,1,1,0,0,0
570,0,1,0,1,1,1,0,1,1,0,0
571,1,1,0,1,1,1,1,1,0,0,0
572,0,1,0,1,0,1,0,1,1,0,0
573,0,1,0,1,0,1,1,0,0,0,0
574,1,1,0,1,1,1,1,1,0,0,0
575,0,1,0,1,1,0,0,0,1,0,0
576,0,0,0,1,1,1,0,0,1,0,0
577,1,1,1,1,1,1,1,1,0,1,0
578,0,1,0,1,0,1,0,1,0,0,0
579,1,1,0,1,1,1,0,1,1,0,0
580,0,1,0,1,1,0,0,0,1,0,1
581,1,1,0,1,1,1,1,1,0,0,1
582,0,1,0,1,0,1,1,0,0,0,0
583,1,1,0,1,1,1,0,1,1,0,0
584,0,0,0,1,1,1,1,0,1,1,1
585,1,1,0,1,1,1,1,1,0,0,0
586,1,1,0,1,1,1,1,1,0,0,0
587,1,1,0,1,1,0,1,1,0,0,0
588,1,1,0,0,0,0,0,1,1,1,0
589,0,1,0,1,0,1,1,0,0,0,1
590,1,1,0,1,0,0,1,1,0,0,0
591,1,1,0,1,0,1,1,1,0,1,0
592,0,1,0,1,1,1,1,0,0,0,1
593,0,1,0,1,1,1,0,0,0,1,0
594,0,1,0,1,0,1,1,0,0,0,0
595,0,1,1,1,1,1,1,1,1,1,0
596,1,1,1,1,1,1,1,1,0,0,0
597,0,0,0,1,1,0,0,0,1,0,1
598,0,1,0,1,1,1,1,0,0,0,1
599,1,1,0,1,0,1,1,1,0,1,0
600,0,1,0,1,1,1,1,1,0,0,0
601,0,1,0,1,1,1,1,0,0,0,0
602,0,1,0,1,1,1,0,0,1,0,1
603,0,1,0,1,0,1,1,0,0,0,1
604,0,1,0,1,1,1,1,0,0,0,0
605,1,1,0,1,0,1,1,1,0,0,0
606,1,1,0,1,1,1,0,1,1,0,0
607,1,1,0,1,0,1,1,1,0,0,0
608,0,0,0,0,0,0,0,0,1,0,1
609,0,1,0,1,0,1,1,0,0,0,1
610,0,1,1,1,0,1,0,1,0,0,1
611,0,1,0,0,0,1,1,0,0,0,0
612,0,1,0,1,0,1,1,0,0,0,1
613,0,1,0,1,0,1,1,0,0,0,0
614,0,1,0,1,0,1,0,1,0,0,0
615,1,1,0,1,0,1,1,1,0,0,0
616,0,1,0,1,0,1,1,1,0,1,0
617,0,1,0,1,0,1,1,1,0,0,0
618,1,1,0,0,0,1,1,1,1,0,0
619,0,1,0,1,1,1,1,1,0,0,0
620,0,1,0,1,1,1,1,0,0,0,1
621,1,1,0,1,0,1,0,1,1,0,0
622,1,1,0,1,0,1,1,1,0,1,0
623,0,1,0,1,1,1,1,0,0,0,0
624,1,1,0,0,0,1,1,1,0,1,0
625,0,1,0,1,1,1,0,1,1,0,0
626,0,1,0,1,0,1,1,1,0,0,0
627,0,0,0,1,1,1,1,0,0,0,1
628,1,1,0,1,0,1,1,1,0,0,0
629,0,1,0,1,1,0,0,0,1,0,1
630,1,1,1,1,0,1,0,1,0,0,0
631,1,1,0,1,0,1,1,1,0,0,0
632,0,0,0,1,1,1,0,0,1,0,1
633,1,1,0,0,0,1,0,0,0,0,0
634,1,1,0,1,0,1,0,1,0,0,0
635,0,1,0,0,0,1,1,1,0,0,0
636,0,1,0,1,1,1,1,0,0,0,0
637,0,0,0,1,1,0,1,0,0,1,0
638,1,1,0,1,0,1,1,1,0,0,0
639,1,1,0,1,1,1,0,1,1,0,0
640,1,1,0,1,0,1,1,1,0,0,0
641,1,1,0,1,1,1,1,1,0,0,0
642,0,1,0,1,1,1,1,0,0,0,1
643,1,1,0,1,0,1,1,1,0,0,0
644,0,1,0,1,0,1,0,0,1,0,1
645,0,0,0,1,0,0,0,0,1,0,1
646,1,1,0,1,0,1,1,1,0,0,0
647,1,1,0,1,1,0,0,1,1,0,0
648,1,1,1,1,0,1,1,1,0,0,0
649,1,1,0,1,0,1,0,1,1,0,0
650,0,1,0,0,0,0,0,1,1,1,0
651,1,1,0,1,0,1,0,1,1,0,0
652,1,1,0,0,0,1,1,1,0,1,0
653,0,0,0,0,0,0,0,0,0,0,0
654,1,1,0,0,0,1,1,1,0,0,0
655,1,1,0,1,0,1,1,1,0,0,0
656,1,1,0,1,1,1,1,1,0,0,0
657,0,1,0,1,1,1,1,0,0,0,1
658,1,1,0,1,1,0,0,1,1,0,0
659,1,1,0,1,1,1,0,1,1,0,0
660,1,1,0,1,0,1,0,1,0,0,0
661,0,1,0,1,1,1,1,0,1,0,1
662,1,1,0,1,1,1,1,1,0,1,0
663,0,1,0,1,0,1,0,1,1,0,1
664,1,1,0,1,1,1,1,1,0,0,0
665,1,1,0,1,0,1,0,1,0,0,0
666,0,0,0,0,0,0,0,0,1,0,1
667,0,1,0,1,1,1,0,1,1,0,1
668,1,1,0,0,1,1,1,1,0,1,0
669,1,1,0,1,1,1,0,1,1,0,0
670,0,1,0,1,1,1,1,0,0,0,1
671,0,1,1,1,1,1,1,0,0,1,0
672,1,1,0,1,0,1,1,1,0,1,0
673,1,1,0,1,1,1,0,1,1,0,0
674,1,1,0,1,1,1,1,1,0,0,0
675,1,1,0,1,0,1,1,1,0,1,0
676,1,1,0,1,1,1,1,0,0,0,0
677,0,1,1,1,1,1,0,1,1,0,0
678,1,1,0,0,0,1,1,1,0,1,0
679,0,0,0,1,1,0,0,0,1,0,1
680,1,1,0,1,0,1,1,1,0,1,0
681,1,1,0,1,1,1,1,1,0,0,0
682,1,1,0,1,1,1,0,1,1,0,0
683,1,1,0,1,0,1,1,1,0,0,0
684,1,1,0,1,0,1,0,0,0,0,0
685,1,1,0,1,1,1,0,0,1,0,0
686,1,1,0,1,0,1,1,1,0,0,0
687,1,1,0,1,0,0,1,1,0,0,0
688,1,1,0,1,0,1,1,1,0,0,0
689,0,1,0,1,1,1,1,0,0,0,1
690,0,0,0,1,0,0,0,0,1,0,1
691,0,1,0,1,1,1,1,0,0,0,1
692,1,1,0,0,0,1,0,0,1,1,0
693,1,1,0,1,1,1,1,1,0,0,0
694,1,1,1,0,1,1,1,1,0,1,0
695,0,1,0,1,1,1,0,0,1,0,0
696,0,1,0,0,0,0,0,0,1,0,0
697,1,1,0,1,1,1,1,1,0,0,1
698,1,1,0,1,1,1,1,1,0,0,0
699,0,1,0,1,1,1,1,0,0,0,1
700,0,0,0,1,1,0,0,0,1,0,1
701,1,1,0,1,1,1,1,1,0,0,0
702,0,1,0,1,1,1,0,0,1,0,1
703,1,1,0,1,1,1,1,1,1,0,0
704,0,1,0,0,1,1,1,0,0,1,0
705,0,1,0,1,1,0,0,0,1,0,1
706,0,0,0,1,0,1,1,0,0,0,1
707,1,1,0,1,1,1,1,1,0,0,0
708,1,1,0,1,0,1,1,1,0,0,0
709,0,1,0,1,0,1,1,1,0,0,0
710,1,1,0,1,0,1,1,1,0,0,0
711,1,1,1,1,1,1,0,1,1,0,0
712,0,1,0,1,1,0,0,0,1,0,0
713,1,1,0,1,0,1,1,1,0,0,0
714,0,1,0,1,1,1,1,0,0,0,0
715,1,1,0,1,0,1,1,1,0,0,0
716,0,0,0,1,0,1,1,0,0,0,1
717,0,0,0,1,1,1,1,0,0,1,1
718,1,1,0,1,0,1,1,1,0,1,0
719,1,1,0,1,0,1,1,1,0,1,0
720,1,1,1,0,0,1,1,1,0,1,0
721,0,1,0,1,0,1,0,0,0,0,1
722,1,1,0,1,1,1,1,1,0,0,0
723,0,1,0,1,0,1,1,0,0,0,0
724,1,1,0,1,1,1,1,1,0,1,0
725,0,1,0,1,1,1,1,0,0,0,0
726,1,1,0,1,1,1,0,1,1,0,0
727,0,1,0,1,0,1,1,1,0,0,0
728,0,1,0,1,0,1,0,0,1,0,0
729,0,1,0,0,1,1,1,0,0,0,1
730,1,1,0,1,1,1,0,0,0,0,0
731,1,1,0,1,0,1,0,1,1,0,0
732,0,1,0,1,1,1,1,0,0,0,0
733,0,1,0,1,0,1,1,1,0,0,0
734,0,1,0,1,0,1,0,0,1,0,0
735,0,0,0,1,1,1,0,0,1,0,1
736,0,1,0,1,1,1,0,0,1,0,0
737,1,1,0,1,1,1,1,1,1,1,1
738,0,1,0,1,0,1,1,0,0,0,0
739,1,1,1,1,1,1,1,1,0,0,1
740,1,1,0,1,1,1,1,1,0,0,1
741,1,1,0,1,1,1,1,1,0,0,0
742,0,1,0,1,1,1,1,0,0,0,0
743,1,1,0,1,1,0,1,0,0,1,0
744,1,1,0,1,1,1,1,1,0,0,0
745,1,1,0,1,1,1,1,1,0,0,0
746,0,1,0,1,1,1,1,1,0,0,0
747,1,1,0,1,1,1,1,1,0,1,0
748,0,1,0,1,0,1,1,0,0,0,0
749,0,1,0,1,1,1,0,1,1,0,1
750,0,1,0,1,1,1,1,0,1,0,0
751,0,1,1,1,0,1,0,0,1,0,1
752,0,0,0,1,1,1,0,0,1,0,1
753,1,1,0,1,1,1,0,0,1,0,0
754,1,1,0,1,1,1,1,1,0,0,0
755,0,1,0,1,1,1,1,1,1,0,1
756,1,1,1,1,0,1,0,1,1,1,0
757,0,1,0,1,0,1,1,0,0,0,0
758,0,1,0,1,0,1,0,0,1,0,0
759,0,0,0,1,1,1,0,0,1,0,1
760,1,1,0,1,0,1,1,1,0,1,0
761,0,1,1,1,1,1,1,1,0,1,0
762,0,1,0,1,1,0,0,0,1,0,1
763,0,1,1,1,1,1,1,1,1,0,0
764,1,1,0,1,1,1,1,1,0,0,0
765,1,1,0,0,0,1,1,1,0,1,0
766,1,1,0,1,0,0,0,1,1,1,0
767,0,1,0,1,1,1,1,0,0,0,1
768,0,1,0,1,0,1,0,0,0,0,1
769,0,1,0,1,1,1,1,1,0,0,1
770,1,1,0,1,0,1,1,1,0,0,0
771,1,1,0,1,0,1,0,1,1,0,0
772,1,1,0,1,1,0,0,0,1,0,0
773,1,1,0,1,0,1,1,1,0,0,0
774,1,1,0,1,0,1,1,1,0,0,0
775,1,1,0,1,1,1,1,0,1,1,0
776,1,1,0,1,1,1,0,1,1,0,0
777,0,1,1,1,1,1,1,1,0,0,0
778,1,1,0,1,0,1,0,0,0,0,0
779,0,1,0,1,0,1,1,0,0,1,0
780,1,1,0,1,0,1,0,1,1,0,0
781,1,1,0,1,0,0,0,1,1,0,0
782,0,1,1,1,1,1,0,1,0,0,1
783,0,1,1,1,1,1,1,1,0,0,1
784,1,0,0,0,0,1,0,1,0,1,0
785,1,1,0,1,1,1,0,1,1,0,0
786,1,1,0,1,0,1,0,1,1,1,0
787,1,1,0,1,0,1,0,1,1,0,0
788,0,0,0,1,1,1,1,0,0,0,1
789,1,1,0,1,1,1,0,0,1,0,1
790,0,1,0,1,1,1,0,0,1,0,1
791,1,1,0,1,1,1,1,1,0,0,0
792,1,1,0,1,0,1,0,1,1,1,0
793,1,1,0,1,1,1,1,1,0,1,0
794,0,1,0,1,1,1,0,1,0,0,0
795,1,1,1,0,0,1,1,1,0,1,0
796,0,1,0,1,1,1,1,0,0,0,0
797,0,1,0,0,0,1,0,0,0,0,0
798,1,1,0,1,0,1,1,1,0,1,0
799,1,1,0,1,0,1,0,1,1,0,0
800,0,1,1,1,1,1,1,0,0,0,0
801,0,0,0,1,1,0,1,0,0,0,1
802,0,0,0,0,0,0,0,0,0,0,0
803,0,1,0,1,1,1,0,0,1,0,1
804,1,1,0,1,1,1,1,1,0,0,0
805,0,1,0,1,1,1,0,0,0,0,1
806,1,1,0,1,0,1,0,1,1,0,0
807,0,1,1,1,1,1,1,1,0,0,0
808,0,1,0,1,0,0,0,0,1,0,0
809,1,1,0,1,1,0,0,1,0,0,0
810,0,1,0,1,1,0,0,0,1,0,0
811,1,0,0,0,1,1,0,1,1,0,0
812,1,1,0,1,0,1,0,1,1,0,0
813,1,1,0,1,0,1,1,1,0,0,0
814,0,1,0,1,0,0,0,0,0,0,0
815,0,0,0,1,1,1,0,1,1,0,0
816,0,1,0,1,1,1,0,1,1,0,0
817,1,1,0,1,0,1,1,1,0,0,0
818,0,1,0,1,1,1,0,0,1,0,0
819,0,1,0,1,0,1,1,0,0,0,1
820,0,1,0,1,1,1,0,0,1,0,0
821,0,1,0,1,1,1,1,0,0,0,1
822,1,0,1,0,0,0,0,0,1,1,0
823,1,1,0,1,0,1,0,1,1,0,0
824,1,1,1,0,0,1,1,1,0,1,0
825,1,1,0,1,0,1,0,1,0,0,0
826,0,1,0,1,0,1,1,0,0,0,0
827,1,1,0,1,1,1,1,1,0,0,0
828,0,1,0,1,1,1,0,0,1,1,0
829,1,1,0,1,0,1,1,1,0,1,0
830,1,1,0,1,1,1,0,1,1,0,0
831,0,0,0,1,1,1,0,0,1,0,1
832,1,1,0,1,0,1,0,1,1,0,0
833,0,1,0,1,1,1,1,0,0,1,0
834,0,1,1,0,0,1,0,0,1,1,0
835,0,1,0,1,1,1,1,0,0,0,0
836,0,1,0,1,1,1,1,0,0,0,1
837,0,1,1,1,1,1,1,1,0,0,0
838,0,1,1,1,0,1,1,1,0,0,0
839,1,1,0,1,0,1,1,1,0,0,0
840,1,1,0,1,0,1,1,1,0,1,0
841,1,1,0,1,0,1,0,1,0,0,0
842,0,1,0,1,1,1,0,0,1,0,0
843,0,1,0,1,0,1,1,0,0,0,1
844,1,1,0,1,1,1,1,1,0,0,0
845,1,1,0,1,1,1,1,1,0,1,0
846,1,1,0,1,1,1,0,1,1,1,0
847,1,1,0,1,0,1,1,1,0,0,0
848,0,1,0,1,1,1,0,0,1,0,1
849,0,1,0,1,1,1,0,0,1,0,1
850,1,1,0,1,0,1,1,1,0,0,0
851,1,1,0,1,0,1,1,1,0,0,0
852,0,0,0,0,0,0,0,0,0,0,0
853,1,1,0,1,1,1,1,1,0,1,0
854,1,1,0,0,0,1,1,1,0,1,0
855,1,1,0,1,1,1,0,1,1,0,0
856,0,1,1,1,1,1,0,0,1,0,1
857,1,1,0,1,0,1,1,1,0,0,0
858,1,1,0,1,1,1,1,1,0,0,0
859,0,0,0,1,0,1,1,0,1,0,0
860,1,1,0,1,0,1,1,1,0,0,0
861,1,1,1,1,1,1,1,1,0,0,0
862,0,1,0,1,0,1,1,1,0,0,0
863,1,1,0,0,0,1,0,1,1,1,0
864,0,0,0,1,1,1,1,0,0,0,1
865,1,1,0,0,0,1,1,1,0,1,0
866,1,1,0,0,0,1,1,0,1,1,0
867,0,0,0,1,1,0,0,0,1,0,1
868,1,1,0,1,0,1,1,1,0,0,0
869,0,1,1,1,1,1,1,0,0,1,1
870,0,0,0,1,1,0,1,1,0,0,0
871,0,1,0,1,1,1,0,0,1,0,0
872,0,1,0,1,1,1,0,0,1,0,1
873,1,1,0,1,0,1,1,1,0,1,0
874,0,1,0,1,1,1,0,0,0,0,1
875,0,1,0,1,0,0,0,1,1,0,0
876,0,1,0,1,0,0,1,0,0,0,1
877,0,1,0,1,1,1,1,1,0,0,1
878,1,1,0,1,1,1,1,1,1,1,0
879,1,1,1,1,1,1,1,1,1,1,0
880,1,1,0,1,0,1,1,1,0,0,0
881,0,1,0,1,1,1,1,0,0,0,1
882,0,0,0,1,0,1,0,0,0,0,1
883,1,1,0,1,1,1,1,1,1,0,0
884,1,1,1,0,0,1,1,1,0,0,0
885,1,1,0,0,0,1,1,1,0,0,0
886,0,1,0,1,1,1,0,0,0,0,0
887,0,1,0,1,1,1,0,0,1,0,1
888,0,1,0,1,1,1,1,0,0,0,1
889,0,0,1,1,1,0,0,0,0,1,1
890,0,1,0,1,1,1,0,0,1,0,1
891,1,1,0,1,0,1,1,1,1,0,0
892,1,1,0,1,0,1,0,1,0,0,0
893,0,1,0,1,1,1,0,0,1,0,1
894,1,1,0,1,0,1,1,1,0,0,0
895,1,1,0,0,0,1,0,1,0,1,0
896,1,1,0,1,0,1,0,1,1,1,0
897,0,1,0,1,1,1,0,0,1,0,1
898,1,1,0,0,0,1,0,1,0,1,0
899,0,1,0,1,1,1,1,0,0,0,0
900,0,1,1,1,1,1,0,1,1,0,0
901,1,1,0,1,1,1,1,1,0,0,0
902,0,1,0,1,0,1,0,0,1,0,1
903,1,1,0,1,0,1,0,1,1,0,0
904,0,1,0,1,0,1,1,1,0,0,0
905,0,1,0,1,1,1,1,0,1,0,1
906,0,0,0,1,0,1,0,0,0,0,1
907,1,1,0,1,0,1,1,1,0,0,0
908,1,1,0,1,1,1,0,1,1,0,0
909,0,1,0,0,0,1,1,0,0,1,0
910,1,1,1,1,1,1,1,1,1,1,1
911,0,1,0,1,1,1,0,0,1,0,1
912,0,0,0,0,0,1,1,0,0,0,0
913,1,1,0,0,0,1,1,1,0,1,0
914,0,1,0,1,0,1,1,0,0,0,0
915,1,1,0,1,0,1,1,1,0,0,0
916,0,1,0,1,1,1,1,0,0,0,1
917,1,1,0,0,0,1,1,1,0,0,0
918,1,1,0,1,1,1,1,1,0,0,1
919,1,1,0,0,0,1,1,1,0,1,0
920,1,0,0,0,0,1,1,1,0,0,0
921,1,1,0,0,0,1,0,0,1,0,0
922,1,1,0,1,0,1,0,1,1,0,0
923,1,1,0,1,0,1,1,1,0,0,0
924,1,1,0,1,1,1,0,1,1,1,0
925,0,1,0,1,0,1,1,0,0,0,0
926,1,1,0,0,0,1,1,1,0,0,0
927,1,1,0,1,0,1,1,1,0,0,0
928,1,1,0,1,0,1,0,1,0,0,0
929,1,1,0,0,0,1,1,1,0,1,0
930,1,1,0,1,1,1,1,1,0,0,0
931,1,1,0,1,1,1,0,1,1,0,0
932,0,1,0,1,1,1,1,0,1,0,1
933,0,1,0,1,0,1,0,0,1,0,0
934,1,1,0,1,0,1,1,1,0,0,0
935,0,1,0,1,1,1,0,0,1,0,0
936,0,1,1,1,1,1,1,1,0,0,0
937,0,1,0,1,1,1,1,1,0,0,0
938,0,0,0,1,1,1,1,0,0,0,1
939,1,1,0,1,1,1,1,1,0,1,0
940,1,1,0,1,1,1,0,1,0,0,1
941,1,0,0,1,1,1,0,1,1,0,0
942,1,1,0,1,1,1,0,0,1,0,0
943,0,1,0,1,0,1,1,0,0,0,0
944,0,1,0,1,0,1,1,1,0,0,0
945,0,1,0,1,0,1,1,0,0,0,0
946,1,1,0,1,0,1,1,1,0,0,0
947,0,1,0,1,0,1,1,1,0,0,0
948,0,1,0,1,1,1,1,1,0,0,0
949,1,1,0,1,1,1,0,1,1,0,0
950,0,1,0,1,0,1,1,0,0,0,0
951,0,0,0,0,0,0,0,0,0,0,1
952,1,1,0,1,0,1,1,1,0,0,0
953,1,1,0,1,1,1,0,0,0,0,1
954,1,1,0,1,1,1,1,1,0,1,0
955,0,1,1,0,0,1,0,1,1,0,0
956,0,1,0,1,1,1,1,0,0,0,0
957,1,1,0,0,0,1,1,1,0,1,0
958,0,1,0,1,1,1,1,0,0,0,1
959,0,1,0,1,0,1,1,0,0,0,0
960,1,1,0,0,0,1,0,1,1,1,0
961,1,1,0,1,1,1,0,1,0,0,0
962,1,1,0,1,1,1,1,1,0,0,0
963,0,1,0,0,1,1,1,1,0,0,1
964,0,0,0,1,1,1,0,0,1,0,1
965,1,1,0,1,1,1,0,1,1,0,1
966,0,1,0,1,1,1,0,1,0,0,0
967,0,1,0,1,0,1,0,0,1,0,0
968,0,1,0,1,1,1,1,0,0,0,0
969,1,1,0,1,1,1,0,1,0,0,0
970,0,1,0,1,0,1,0,0,0,0,0
971,1,1,0,1,0,1,0,1,1,0,0
972,1,1,0,1,1,1,0,1,1,0,0
973,1,1,0,1,0,1,1,1,0,0,0
974,1,1,0,1,1,1,1,1,0,1,0
975,0,1,0,1,1,1,1,1,1,0,1
976,1,1,0,1,0,1,1,1,0,1,0
977,1,1,1,1,0,1,1,1,0,1,0
978,1,1,0,1,1,1,0,0,1,0,1
979,1,1,1,1,1,1,1,1,0,0,0
980,0,1,0,1,1,1,1,0,0,0,1
981,1,1,0,1,0,1,1,1,0,0,1
982,0,0,0,1,1,1,1,0,1,0,1
983,0,1,0,1,0,1,1,0,0,0,0
984,1,1,1,1,1,1,1,1,1,1,0
985,1,1,0,1,1,1,0,1,1,0,1
986,0,1,0,0,0,1,0,1,0,1,0
987,1,1,0,1,0,1,0,1,1,0,0
988,1,1,0,1,1,1,0,0,1,0,0
989,0,1,0,0,0,1,0,0,0,0,0
990,0,1,1,1,1,1,1,0,0,0,0
991,0,0,0,0,0,0,0,1,1,0,0
992,1,1,0,1,0,1,1,1,0,1,0
993,1,1,0,0,0,1,0,1,0,0,0
994,1,1,0,1,1,1,1,1,1,0,0
995,1,1,0,1,1,1,1,1,0,0,0
996,1,1,0,1,1,1,0,1,1,0,0
997,1,1,0,1,0,1,1,1,1,1,1
998,1,1,0,1,1,1,0,1,0,0,0
999,1,1,0,0,0,1,1,1,0,1,0
1000,0,0,0,1,1,1,0,0,1,0,1
1001,1,1,0,1,0,1,1,1,0,0,0
1002,1,1,0,1,1,1,1,1,0,0,0
1003,1,1,0,1,1,1,1,1,0,0,0
1004,0,1,0,1,0,1,0,0,1,0,0
1005,0,1,0,1,1,1,1,0,0,0,0
1006,1,1,0,1,0,1,0,1,0,1,0
1007,1,1,0,1,0,1,0,1,0,0,1
1008,0,0,0,1,1,0,0,0,1,0,1
1009,1,1,0,1,1,0,0,0,1,0,0
1010,1,1,0,1,1,1,0,1,1,0,0
1011,0,1,0,0,0,1,1,1,0,1,0
1012,1,1,0,1,0,1,1,1,0,0,0
1013,1,1,0,1,1,1,1,1,0,0,0
1014,0,1,1,1,1,1,1,0,0,0,0
1015,1,1,0,1,1,1,1,1,0,0,0
1016,1,1,0,0,0,1,1,1,0,0,0
1017,0,1,0,1,1,1,0,0,1,0,1
1018,1,1,0,1,1,1,1,1,0,0,0
1019,1,1,0,1,0,1,1,1,0,0,0
1020,0,1,0,1,0,1,0,0,0,0,0
1021,0,1,0,1,0,1,1,0,0,0,1
1022,1,1,0,1,0,0,1,1,0,0,0
1023,1,1,0,1,0,1,1,1,0,0,0
1024,1,1,0,0,0,1,1,1,0,1,0
1025,1,1,0,1,0,1,1,1,0,0,0
1026,0,0,0,1,1,0,0,0,1,0,1
1027,1,1,0,1,0,1,0,1,0,1,0
1028,0,1,0,1,1,0,0,0,1,0,1
1029,1,1,0,1,1,1,0,1,1,0,0
1030,0,1,0,1,1,1,1,1,0,0,0
1031,1,1,0,1,1,1,1,1,0,0,0
1032,1,1,0,1,0,1,1,1,0,1,0
1033,1,1,0,0,0,1,1,1,0,1,0
1034,1,1,0,0,0,1,1,1,0,0,0
1035,1,1,1,1,0,1,1,1,0,0,0
1036,1,1,0,1,0,1,1,1,0,0,0
1037,1,1,0,1,0,1,0,1,1,0,0
1038,1,1,0,1,1,0,0,1,1,0,1
1039,1,1,0,1,0,1,0,1,1,0,0
1040,1,1,1,0,0,1,1,0,0,1,0
1041,1,1,0,0,0,1,1,1,0,1,0
1042,0,1,0,1,1,1,1,0,0,0,1
1043,0,1,0,1,0,1,0,1,1,0,0
1044,1,1,0,1,0,1,1,1,0,1,0
1045,1,1,0,1,1,1,1,1,0,0,0
1046,1,1,0,0,0,1,1,1,0,1,0
1047,1,1,1,1,1,1,1,1,0,0,0
1048,1,1,0,0,0,1,1,1,0,0,0
1049,1,1,0,1,0,1,1,1,0,0,0
1050,1,1,0,1,1,1,0,1,1,0,0
1051,1,1,0,1,1,1,0,1,0,0,0
1052,1,1,0,1,1,1,0,1,1,1,0
1053,1,1,0,1,0,0,0,0,1,0,0
1054,0,1,0,1,0,1,1,0,1,0,1
1055,0,1,0,1,0,1,0,0,1,0,0
1056,1,1,0,1,0,1,1,1,0,1,0
1057,1,1,0,1,1,1,1,0,0,0,0
1058,0,1,0,1,1,0,1,1,0,0,1
1059,1,1,0,0,0,1,1,1,0,1,0
1060,0,0,0,1,1,1,1,0,0,0,1
1061,0,1,0,1,1,1,0,0,1,0,1
1062,1,1,0,0,0,0,0,1,1,0,0
1063,0,1,0,1,0,1,1,0,0,0,0
1064,0,1,0,1,1,1,0,0,1,0,1
1065,1,1,0,1,0,1,0,1,1,1,0
1066,0,1,1,1,1,1,0,0,1,0,1
1067,1,1,0,1,1,1,1,1,0,0,0
1068,1,1,0,1,1,1,0,1,1,1,0
1069,1,1,0,1,1,1,1,1,0,0,0
1070,1,1,0,1,0,1,1,1,0,0,0
1071,0,1,0,1,0,0,0,0,1,0,0
1072,0,1,0,1,1,1,1,0,0,0,0
1073,0,1,1,1,0,1,1,1,0,0,0
1074,1,1,0,1,0,1,1,1,0,0,0
1075,1,1,0,1,0,1,0,1,1,0,0
1076,0,1,0,1,1,0,1,0,0,0,0
1077,0,1,0,0,1,0,0,0,1,0,0
1078,0,1,0,1,0,1,0,1,1,0,0
1079,1,1,0,1,0,1,1,1,0,0,0
1080,0,1,1,1,0,1,1,1,0,0,0
1081,1,1,0,1,0,1,1,1,0,1,0
1082,0,1,0,1,1,0,1,0,0,0,1
1083,1,1,0,1,0,0,0,1,1,0,0
1084,0,1,0,1,0,1,0,1,1,0,0
1085,0,1,0,1,1,1,1,1,0,0,0
1086,1,1,0,1,0,1,1,1,0,1,0
1087,0,1,0,1,0,1,0,0,1,0,1
1088,0,1,0,1,1,1,1,1,0,0,0
1089,0,1,0,1,1,0,1,1,0,1,0
1090,0,1,0,1,0,0,0,1,0,1,0
1091,1,1,0,0,0,1,0,1,0,1,0
1092,1,1,0,1,0,0,0,1,1,0,0
1093,1,1,0,1,1,1,1,1,0,0,0
1094,1,1,0,1,1,1,0,1,1,0,0
1095,1,1,0,0,0,1,0,1,1,0,0
1096,1,1,0,0,0,1,1,1,0,1,0
1097,0,1,0,1,0,1,1,0,0,0,0
1098,0,1,1,1,1,1,1,0,0,0,0
1099,0,0,0,1,0,0,0,1,0,0,1
1100,1,1,0,1,0,1,1,1,0,0,0
1101,1,1,0,1,1,1,1,1,0,1,0
1102,1,1,0,1,0,1,1,1,0,1,0
1103,1,1,0,1,1,1,0,1,1,0,0
1104,0,0,0,1,1,1,0,0,1,0,1
1105,0,1,0,1,1,1,1,0,0,0,0
1106,1,1,1,1,0,1,1,1,0,0,0
1107,0,1,0,1,1,1,0,0,0,0,0
1108,0,0,0,1,1,0,0,0,1,0,1
1109,1,1,0,1,0,0,1,0,0,1,0
1110,1,1,0,1,0,1,0,1,1,0,0
1111,0,1,0,1,1,1,1,0,0,0,0
1112,1,1,0,1,1,0,0,1,1,1,0
1113,1,1,0,1,1,1,0,1,1,0,0
1114,1,1,0,1,1,1,1,1,0,0,0
1115,0,1,0,1,1,1,0,0,1,0,1
1116,0,1,0,1,1,1,1,0,0,0,1
1117,0,1,0,0,0,1,1,1,0,1,0
1118,0,1,0,1,1,1,1,1,0,0,0
1119,0,1,0,1,0,1,1,0,0,0,1
1120,0,0,0,1,1,1,0,0,1,0,1
1121,1,1,0,1,0,1,0,1,0,0,0
1122,0,1,0,1,1,1,0,1,0,0,0
1123,1,1,0,0,0,1,1,1,0,0,0
1124,0,1,0,1,1,1,1,0,0,0,0
1125,0,0,1,1,1,1,1,1,0,0,1
1126,0,0,0,1,1,1,0,0,1,0,1
1127,0,1,0,1,0,1,1,0,1,0,0
1128,1,1,0,1,1,1,1,0,0,0,0
1129,1,1,0,1,0,1,1,1,0,0,0
1130,1,1,0,1,1,1,1,1,0,0,0
1131,0,0,0,1,1,0,0,0,1,0,1
1132,1,1,0,1,1,1,0,1,1,0,0
1133,0,1,1,1,0,1,0,0,1,0,0
1134,1,1,0,1,0,1,1,1,0,0,0
1135,1,1,0,1,0,1,1,1,0,0,0
1136,0,1,1,1,0,1,0,0,1,0,1
1137,0,1,0,1,0,1,1,1,0,0,0
1138,0,1,0,1,0,1,1,0,0,0,0
1139,1,0,0,1,1,1,1,1,1,0,1
1140,0,0,0,1,1,1,0,0,1,0,1
1141,1,1,0,1,1,1,0,1,0,0,0
1142,1,1,0,1,0,1,0,0,1,0,0
1143,1,1,0,1,1,1,1,1,0,0,0
1144,1,1,0,1,0,1,1,1,0,0,0
1145,1,1,0,1,1,1,1,1,0,0,0
1146,1,1,0,1,1,1,1,1,0,0,0
1147,0,1,0,1,1,1,1,1,0,0,1
1148,1,1,0,1,1,1,1,1,0,0,0
1149,1,1,0,1,1,1,1,1,0,0,0
1150,0,1,0,1,0,1,1,0,0,0,1
1151,0,1,0,1,1,1,1,1,0,0,1
1152,1,1,0,1,1,1,1,1,0,0,0
1153,0,1,0,1,0,1,1,0,0,0,0
1154,1,1,0,1,0,1,1,1,0,0,0
1155,1,1,0,1,0,1,1,1,0,0,0
1156,0,1,0,1,1,1,1,0,0,0,1
1157,1,1,0,1,0,1,1,1,0,0,0
1158,1,1,0,0,0,1,1,1,0,1,0
1159,1,1,0,0,0,1,1,1,1,1,0
1160,0,1,0,1,0,1,1,1,0,1,0
1161,1,1,0,1,0,1,0,1,1,0,0
1162,0,1,1,1,1,1,0,0,0,0,0
1163,0,1,0,1,1,1,1,0,0,0,0
1164,1,1,0,0,0,1,1,1,1,1,0
1165,1,1,0,1,0,1,0,1,0,0,0
1166,0,1,0,1,1,1,0,0,1,0,1
1167,0,1,0,1,0,1,0,0,0,0,0
1168,1,1,0,1,1,1,1,1,0,0,0
1169,1,1,0,1,0,0,1,1,0,1,0
1170,1,1,0,1,1,1,0,0,0,0,0
1171,0,0,0,1,1,1,1,0,0,0,1
1172,1,1,0,1,0,1,0,1,0,1,0
1173,0,1,0,1,1,1,0,1,1,0,1
1174,1,1,0,1,0,1,1,1,0,0,0
1175,0,1,0,1,0,1,1,0,0,0,1
1176,1,1,0,1,1,1,1,1,0,1,0
1177,0,1,0,0,1,1,0,0,1,0,1
1178,1,1,0,1,1,1,1,1,0,0,0
1179,0,1,0,1,1,1,0,0,1,0,1
1180,1,0,0,1,1,1,0,1,1,0,0
1181,1,1,1,1,1,1,0,1,1,1,0
1182,0,0,0,1,1,1,0,0,1,0,1
1183,0,1,0,1,1,0,1,0,0,0,1
1184,1,1,0,1,0,1,0,1,1,0,0
1185,1,1,1,0,0,1,1,1,0,1,0
1186,1,1,0,1,1,1,1,1,0,0,0
1187,1,1,0,1,1,1,1,1,0,0,0
1188,1,1,0,0,0,1,0,1,1,1,0
1189,0,1,0,0,0,1,1,0,0,0,0
1190,0,1,0,1,0,1,1,0,0,1,0
1191,1,1,0,1,1,0,0,1,1,0,1
1192,0,1,0,1,0,1,0,0,0,0,0
1193,0,0,0,1,1,0,0,0,1,0,1
1194,0,1,1,1,1,1,0,1,1,0,0
1195,1,1,0,1,1,1,0,1,1,0,0
1196,1,1,0,1,1,1,1,1,0,1,0
1197,0,1,0,1,1,1,0,0,1,0,1
1198,1,1,0,1,1,1,1,1,0,1,0
1199,1,1,0,1,1,1,0,0,0,0,0
1200,1,1,0,1,0,1,1,1,0,0,0
1201,1,1,0,1,1,1,1,1,0,1,0
1202,1,1,0,1,1,1,0,1,1,0,0
1203,1,1,0,1,0,1,1,1,0,0,0
1204,0,1,0,1,0,1,0,0,1,0,0
1205,0,0,0,0,0,1,1,1,0,0,0
1206,1,1,1,1,1,1,1,1,0,0,1
1207,1,1,0,1,1,1,0,1,1,0,0
1208,1,1,0,1,0,1,0,1,1,0,0
1209,1,1,0,1,1,0,1,1,0,0,1
1210,1,1,0,1,0,1,1,1,0,0,0
1211,1,1,0,1,0,1,1,1,0,1,0
1212,0,1,0,1,1,1,0,0,1,0,1
1213,1,1,0,0,0,1,1,1,0,1,1
1214,0,1,0,1,0,1,1,0,0,0,0
1215,1,1,0,1,1,1,0,1,1,1,1
1216,1,1,0,1,1,1,0,1,0,0,0
1217,0,1,0,1,1,1,1,0,0,0,0
1218,0,1,0,1,1,1,1,1,0,0,0
1219,0,1,0,1,1,1,1,1,0,0,0
1220,0,1,1,1,1,1,1,1,1,0,1
1221,1,1,0,1,1,0,1,1,0,0,0
1222,1,1,0,1,1,1,0,1,1,0,0
1223,0,1,0,1,1,1,1,0,0,0,1
1224,0,1,0,1,0,1,1,0,0,0,0
1225,0,1,0,1,1,0,0,0,1,0,1
1226,1,1,0,1,1,1,1,1,0,0,0
1227,0,0,0,1,1,0,0,0,1,0,1
1228,0,1,0,1,1,1,1,0,0,0,1
1229,0,1,0,1,1,1,1,0,0,0,1
1230,1,1,1,0,0,1,1,1,0,1,0
1231,0,0,0,1,1,0,0,0,1,0,1
1232,0,1,0,1,1,1,1,1,0,0,0
1233,0,1,0,1,1,1,1,0,0,0,0
1234,0,1,0,1,1,1,0,0,0,0,0
1235,1,1,0,1,0,1,0,1,1,0,0
1236,0,1,0,1,1,1,1,0,0,0,0
1237,0,1,0,1,1,1,0,1,1,0,1
1238,0,1,1,0,0,1,1,1,0,0,0
1239,0,1,0,0,1,1,0,1,0,0,0
1240,1,1,0,1,1,1,1,1,0,0,0
1241,0,1,0,1,1,1,1,0,0,0,0
1242,1,1,0,1,1,1,1,1,0,0,1
1243,0,1,0,1,1,1,1,0,0,0,0
1244,1,1,0,1,1,1,0,0,1,0,0
1245,1,1,0,1,0,1,1,1,1,0,1
1246,0,1,0,0,0,1,1,0,0,0,1
1247,1,1,0,1,0,0,0,1,1,0,0
1248,1,1,0,1,0,1,1,1,0,1,0
1249,0,1,0,1,0,1,0,0,0,0,1
1250,1,1,0,1,1,1,1,1,0,0,0
1251,1,1,0,1,0,1,1,1,0,0,0
1252,0,1,0,1,0,1,1,1,0,0,0
1253,1,1,0,1,1,1,0,1,1,0,0
1254,0,1,0,1,0,1,0,0,1,0,1
1255,0,1,0,0,1,1,0,1,1,0,0
1256,1,1,0,1,1,1,1,1,0,0,1
1257,0,1,0,1,1,1,1,1,0,0,1
1258,1,1,0,0,0,1,1,1,0,1,0
1259,1,1,0,1,0,1,1,1,0,1,0
1260,1,1,0,1,1,1,0,1,1,0,0
1261,1,1,0,0,0,1,1,1,0,1,0
1262,1,1,1,1,1,1,0,1,1,0,0
1263,0,0,0,0,0,0,0,0,0,0,0
1264,1,1,0,1,1,1,1,1,0,0,1
1265,0,1,0,1,1,1,1,0,0,0,0
1266,1,1,0,1,1,1,0,1,1,1,0
1267,0,1,0,1,1,1,0,1,1,0,1
1268,0,1,0,1,1,1,1,0,0,0,0
1269,1,1,0,1,1,1,1,1,0,0,0
1270,0,1,0,1,1,1,0,0,1,0,1
1271,1,1,0,0,0,1,1,1,0,1,0
1272,1,1,0,1,1,1,0,1,1,0,0
1273,1,1,0,0,0,0,0,0,0,0,0
1274,0,0,0,1,1,1,0,0,1,0,1
1275,0,1,0,1,1,1,1,0,0,0,0
1276,0,1,1,1,1,1,1,0,0,0,1
1277,1,1,0,1,1,1,1,1,0,1,0
1278,0,1,0,1,0,1,1,1,0,0,0
1279,1,1,0,1,0,1,0,1,1,0,0
1280,1,1,0,1,0,1,0,1,0,0,0
1281,1,1,0,1,0,1,1,1,0,1,0
1282,1,1,0,1,1,1,1,1,0,0,0
1283,1,1,0,1,1,1,1,1,0,0,0
1284,0,0,0,0,0,0,0,0,1,0,1
1285,1,0,0,1,0,1,1,1,0,0,0
1286,0,1,0,1,1,1,0,0,1,0,0
1287,0,0,0,1,1,0,0,0,1,0,1
1288,0,1,0,1,1,1,0,0,1,0,1
1289,0,0,0,1,1,1,0,0,1,0,1
1290,1,1,0,1,0,1,0,1,1,0,0
1291,1,1,0,1,1,1,1,1,0,0,0
1292,0,1,0,1,1,1,1,1,0,0,1
1293,1,1,0,1,1,0,0,1,1,1,0
1294,0,1,0,1,1,1,1,0,0,0,0
1295,0,1,0,1,0,1,0,0,1,0,0
1296,1,1,0,1,0,0,0,1,1,0,0
1297,1,1,1,1,0,1,1,1,0,0,0
1298,0,1,0,1,0,1,1,0,0,0,0
1299,0,1,0,1,0,1,1,1,0,0,0
1300,0,0,0,1,1,1,1,0,0,0,1
1301,1,1,0,1,1,1,1,1,0,0,0
1302,1,1,0,1,1,0,1,1,0,0,0
1303,1,1,0,1,1,1,1,0,0,0,0
1304,1,1,1,1,1,1,0,1,0,0,1
1305,0,1,0,1,1,1,0,1,0,0,0
1306,1,1,0,1,1,1,0,1,1,0,0
1307,0,0,1,1,1,0,1,0,0,1,1
1308,0,1,0,0,0,1,1,0,0,0,0
1309,0,1,0,1,1,1,1,1,0,0,0
1310,1,1,0,1,0,1,1,1,0,0,0
1311,1,1,0,1,1,1,1,1,1,0,1
1312,1,1,0,0,0,1,0,1,1,1,0
1313,1,1,0,1,0,1,1,1,0,0,0
1314,0,0,0,1,1,1,1,0,0,0,1
1315,1,1,0,1,1,1,1,1,0,0,0
1316,0,1,1,1,1,1,0,1,1,0,1
1317,1,1,0,0,0,0,1,1,0,0,0
1318,1,1,0,1,0,1,1,1,0,0,0
1319,1,1,0,0,0,1,1,1,0,1,0
1320,0,1,0,1,1,1,0,0,1,0,1
1321,0,1,0,1,1,0,0,0,1,0,1
1322,1,1,0,1,0,1,1,1,0,0,0
1323,0,1,0,1,1,1,1,1,1,0,0
1324,1,1,1,0,0,1,1,1,0,0,0
1325,1,0,0,1,1,1,0,1,1,0,0
1326,0,1,0,1,0,1,0,1,1,0,0
1327,0,1,0,1,1,0,0,0,1,0,1
1328,0,1,0,1,0,1,0,0,1,1,0
1329,0,1,0,1,1,1,0,0,1,0,0
1330,1,1,0,1,1,1,0,1,1,0,0
1331,0,1,0,1,1,1,0,0,1,0,0
1332,1,1,0,1,1,1,0,1,1,0,0
1333,1,1,0,1,0,1,0,1,1,0,0
1334,1,1,0,1,0,1,1,1,0,0,0
1335,0,1,0,1,0,1,1,1,0,0,0
1336,0,1,0,1,1,0,0,1,1,0,0
1337,0,0,0,0,0,1,1,0,0,0,0
1338,0,1,0,1,1,1,1,0,0,0,0
1339,0,1,0,1,0,1,0,0,0,0,0
1340,0,1,0,1,1,1,0,0,1,0,1
1341,0,1,0,1,1,1,0,0,0,0,0
1342,1,1,1,1,0,1,1,1,0,1,0
1343,0,1,0,1,1,1,1,0,0,0,1
1344,1,1,0,1,0,1,1,0,1,0,1
1345,0,1,0,1,1,1,1,0,0,0,0
1346,1,1,0,1,0,1,0,1,1,1,0
1347,1,1,1,1,1,1,1,1,0,0,0
1348,1,1,0,1,0,1,0,1,1,0,0
1349,1,1,0,1,0,1,0,1,1,1,0
1350,1,1,0,1,0,1,1,1,0,1,0
1351,1,1,0,1,1,1,0,1,1,0,0
1352,0,1,0,1,0,1,1,1,0,0,0
1353,1,1,0,1,1,1,1,1,0,1,0
1354,0,1,0,1,0,1,1,0,0,0,1
1355,0,1,1,1,1,1,1,0,0,0,1
1356,0,1,0,1,1,1,1,0,0,0,1
1357,1,1,0,1,0,1,1,1,0,0,0
1358,0,0,0,1,1,1,0,0,1,0,0
1359,1,1,0,1,1,1,1,1,0,0,0
1360,1,1,0,1,1,1,1,1,0,0,0
1361,0,1,0,1,1,1,0,1,0,0,0
1362,1,1,0,1,0,1,1,1,1,1,0
1363,1,1,0,1,0,1,0,1,1,0,0
1364,0,1,0,1,0,1,1,1,0,0,1
1365,0,1,0,1,0,1,1,0,0,0,0
1366,1,1,0,1,0,1,1,1,0,0,0
1367,1,1,0,1,0,1,1,1,0,0,0
1368,1,1,0,1,0,1,1,1,1,1,0
1369,1,1,0,1,1,1,1,1,0,0,0
1370,1,1,0,0,1,1,1,1,0,0,0
1371,0,1,0,1,0,1,1,0,0,0,0
1372,0,1,0,1,0,1,1,1,0,0,0
1373,1,1,0,1,1,1,1,1,0,0,0
1374,1,1,0,1,1,1,1,1,0,0,0
1375,0,1,0,1,0,1,1,1,0,0,0
1376,0,1,0,1,1,1,1,1,0,0,0
1377,1,1,0,1,1,1,1,1,0,0,0
1378,0,1,0,1,1,1,1,0,0,0,1
1379,0,1,0,0,0,1,1,0,0,0,0
1380,1,1,0,0,0,1,0,1,1,1,0
1381,1,1,0,1,1,1,0,0,1,0,1
1382,0,0,0,1,1,1,0,0,1,0,1
1383,0,1,0,0,0,1,1,0,0,0,0
1384,0,1,0,1,1,1,0,0,0,0,1
1385,1,1,0,0,0,1,0,1,0,1,0
1386,0,1,0,1,0,1,1,0,0,0,0
1387,1,1,0,1,0,1,1,1,0,0,0
1388,0,1,0,1,1,1,1,1,0,0,0
1389,1,1,1,1,0,1,1,1,0,0,0
1390,0,0,0,1,1,1,1,0,0,0,1
1391,0,1,0,1,1,1,1,0,0,0,0
1392,0,1,0,1,1,1,1,0,0,1,1
1393,1,1,0,1,1,1,1,1,0,0,0
1394,1,1,0,1,1,1,1,1,0,0,0
1395,1,0,0,0,0,1,0,1,0,0,0
1396,1,1,0,1,0,1,0,1,1,1,0
1397,0,1,1,0,0,1,0,1,0,0,0
1398,0,1,0,1,1,1,1,0,0,0,1
1399,0,1,0,1,1,1,0,0,1,0,1
1400,1,1,0,1,1,1,1,1,0,1,0
1401,0,1,0,1,1,1,1,0,0,0,1
1402,0,1,0,1,0,1,0,0,1,0,0
1403,0,1,0,1,1,1,0,0,0,0,1
1404,0,0,0,1,1,0,0,0,1,0,1
1405,1,1,0,1,0,1,0,1,1,0,0
1406,0,1,0,1,1,1,0,0,0,0,1
1407,0,1,0,1,0,1,0,1,1,0,0
1408,0,1,0,1,1,1,0,0,1,1,0
1409,1,1,0,1,0,1,0,1,1,0,0
1410,1,1,0,1,0,0,1,1,0,0,0
1411,1,1,0,1,1,1,1,1,0,0,0
1412,0,0,0,1,1,1,1,0,0,0,0
1413,1,1,0,1,0,1,1,1,0,0,0
1414,0,1,0,1,0,1,1,0,0,0,1
1415,0,1,0,1,1,1,0,1,1,0,1
1416,0,1,0,1,1,1,1,0,0,0,0
1417,1,1,0,1,0,1,0,1,1,1,0
1418,0,0,0,1,1,1,1,0,0,0,1
1419,0,1,0,1,1,1,1,0,0,0,1
1420,1,1,0,1,0,1,1,1,0,0,0
1421,1,1,0,1,1,1,1,1,0,0,0
1422,1,1,0,1,0,1,1,1,0,0,0
1423,1,1,0,1,0,1,1,1,0,0,0
1424,0,1,0,1,0,1,1,0,0,0,0
1425,1,1,0,1,0,1,1,1,0,0,0
1426,1,0,0,0,0,1,1,1,0,0,0
1427,0,1,0,1,0,1,0,0,1,1,0
1428,0,1,0,1,1,1,1,1,0,0,0
1429,1,1,0,1,1,0,1,1,0,0,0
1430,0,1,0,1,1,1,1,0,1,0,1
1431,1,1,0,1,0,1,0,1,1,0,0
1432,0,1,0,1,1,1,1,0,0,0,0
1433,0,0,0,0,0,0,0,0,1,0,1
1434,1,1,0,1,1,1,1,1,0,0,1
1435,0,1,0,1,1,1,1,0,0,0,1
1436,1,1,0,1,1,1,0,1,1,0,0
1437,1,1,0,1,0,1,1,1,0,1,0
1438,1,1,0,1,1,1,0,1,1,0,0
1439,1,1,1,1,1,0,1,1,0,1,1
1440,1,1,0,0,0,1,1,1,0,0,0
1441,1,1,0,1,1,1,0,1,1,0,0
1442,1,1,0,0,1,1,1,1,0,0,0
1443,1,1,0,1,0,1,1,1,0,0,0
1444,0,1,0,1,1,1,1,0,0,1,0
1445,0,1,0,1,1,1,1,1,0,0,1
1446,1,1,0,1,1,1,1,1,0,1,0
1447,0,1,0,1,1,0,0,1,1,0,0
1448,0,1,0,1,1,0,0,0,1,0,1
1449,1,1,0,1,0,0,1,1,0,1,0
1450,1,1,0,1,0,1,0,1,1,0,0
1451,1,1,0,0,0,1,1,1,0,1,0
1452,0,1,0,1,1,0,0,0,1,0,1
